{
    "cases": "not exported",
    "computer": {
      "file": "2aec430b6d493d3e2a276480979798b69a3ebc1cd63919ea21cf75ea47b1e486",
      "created": "2023-09-12 17:27:38.720034",
      "computer": {
        "name": "pop-os",
        "system": "Linux",
        "machine": "x86_64",
        "release": "6.4.6-76060406-generic",
        "version": "#202307241739~1692717645~22.04~5597803 SMP PREEMPT_DYNAMIC Tue A",
        "processor": "x86_64",
        "total RAM": 31.171680450439453,
        "architecture": [
          "64bit",
          "ELF"
        ],
        "virtual CPUs": 24
      },
      "number runs": 3,
      "python-version": "3.8.17",
      "skimage-version": "0.21.0",
      "registration @1-thread": 66.31409239768982,
      "registration @n-thread": 150.5115893383821
    },
    "aggregates": {
      "STD-Max-rTRE": 0.2621493831106981,
      "STD-Norm-Time": 0.13354349285013148,
      "STD-Robustness": 0.14341764507876564,
      "Median-Max-rTRE": 0.02522014572446698,
      "STD-Median-rTRE": 0.15036555822719463,
      "Average-Max-rTRE": 0.06463197109308531,
      "Median-Norm-Time": 0.25082559730064274,
      "STD-Average-rTRE": 0.15603949562483005,
      "Average-Norm-Time": 0.2641579601801537,
      "Median-Robustness": 1.0,
      "Average-Robustness": 0.9450744992802788,
      "Median-Median-rTRE": 0.004530894326857927,
      "Average-Median-rTRE": 0.030070430328134647,
      "Median-Average-rTRE": 0.005770840912637739,
      "STD-Max-rTRE-Robust": 0.08548131210428817,
      "Average-Average-rTRE": 0.03142943082709167,
      "STD-Norm-Time-Robust": 0.13428016251115513,
      "Average-Rank-Max-rTRE": null,
      "Average-used-landmarks": 1.0,
      "Median-Max-rTRE-Robust": 0.024418713388551658,
      "STD-Median-rTRE-Robust": 0.04944597378730487,
      "Average-Max-rTRE-Robust": 0.04426790043769993,
      "Median-Norm-Time-Robust": 0.2525921982902203,
      "STD-Average-rTRE-Robust": 0.04944804893979386,
      "Average-Norm-Time-Robust": 0.2659228070193716,
      "Average-Rank-Median-rTRE": null,
      "Median-Max-rTRE_training": 0.02333790151982739,
      "Average-Max-rTRE_training": 0.03968667137082919,
      "Median-Median-rTRE-Robust": 0.004430335686022009,
      "Average-Median-rTRE-Robust": 0.017566903408883568,
      "Median-Average-rTRE-Robust": 0.0056860420977895695,
      "Median-Max-rTRE_evaluation": 0.02892641374653257,
      "Median-Robustness_training": 1.0,
      "Average-Average-rTRE-Robust": 0.018787593143557345,
      "Average-Max-rTRE_evaluation": 0.08749021386646742,
      "Average-Robustness_training": 0.9514224604750661,
      "Median-Median-rTRE_training": 0.004350952845828459,
      "Average-Median-rTRE_training": 0.014830010829749685,
      "Median-Average-rTRE_training": 0.005604339171297434,
      "Median-Robustness_evaluation": 1.0,
      "Average-Average-rTRE_training": 0.015867225281567938,
      "Average-Robustness_evaluation": 0.9392576424085611,
      "Median-Median-rTRE_evaluation": 0.004728679679024277,
      "Average-Median-rTRE_evaluation": 0.044035754968088994,
      "Median-Average-rTRE_evaluation": 0.00639751156442432,
      "Average-Average-rTRE_evaluation": 0.04568961917557955,
      "Median-Max-rTRE__tissue_COAD__All": 0.026193188153750654,
      "Average-Max-rTRE__tissue_COAD__All": 0.03996352813505091,
      "Median-Max-rTRE__tissue_breast__All": 0.05182765135725218,
      "Median-Max-rTRE__tissue_kidney__All": 0.015384480235107965,
      "Median-Robustness__tissue_COAD__All": 1.0,
      "Average-Max-rTRE__tissue_breast__All": 0.23808564663378998,
      "Average-Max-rTRE__tissue_kidney__All": 0.028629213761547683,
      "Average-Robustness__tissue_COAD__All": 0.9663168942019565,
      "Median-Max-rTRE__tissue_gastric__All": 0.03314904975807077,
      "Median-Median-rTRE__tissue_COAD__All": 0.0043715859753850625,
      "Average-Max-rTRE__tissue_gastric__All": 0.2014322192683933,
      "Average-Median-rTRE__tissue_COAD__All": 0.011972359580243898,
      "Median-Average-rTRE__tissue_COAD__All": 0.005608575666651676,
      "Median-Robustness__tissue_breast__All": 1.0,
      "Median-Robustness__tissue_kidney__All": 1.0,
      "Average-Average-rTRE__tissue_COAD__All": 0.013637988655565553,
      "Average-Robustness__tissue_breast__All": 0.8269006960528096,
      "Average-Robustness__tissue_kidney__All": 0.882188800446865,
      "Median-Max-rTRE__tissue_COAD__training": 0.023461192604046457,
      "Median-Median-rTRE__tissue_breast__All": 0.033969704490930945,
      "Median-Median-rTRE__tissue_kidney__All": 0.0037987128506926145,
      "Median-Robustness__tissue_gastric__All": 1.0,
      "Average-Max-rTRE__tissue_COAD__training": 0.03198368744669268,
      "Average-Median-rTRE__tissue_breast__All": 0.1531836884213616,
      "Average-Median-rTRE__tissue_kidney__All": 0.010872854657345242,
      "Average-Robustness__tissue_gastric__All": 0.932914099788674,
      "Median-Average-rTRE__tissue_breast__All": 0.034172695449821204,
      "Median-Average-rTRE__tissue_kidney__All": 0.004563839117113072,
      "Median-Max-rTRE__tissue_lung-lobes__All": 0.02173735910652879,
      "Median-Median-rTRE__tissue_gastric__All": 0.01161272012708547,
      "Average-Average-rTRE__tissue_breast__All": 0.14874489620169315,
      "Average-Average-rTRE__tissue_kidney__All": 0.012319547950901753,
      "Average-Max-rTRE__tissue_lung-lobes__All": 0.02542462152835599,
      "Average-Median-rTRE__tissue_gastric__All": 0.11698366873316937,
      "Median-Average-rTRE__tissue_gastric__All": 0.012745319876200463,
      "Median-Max-rTRE__tissue_COAD__evaluation": 0.02892641374653257,
      "Median-Max-rTRE__tissue_breast__training": 0.47038718793772466,
      "Median-Max-rTRE__tissue_kidney__training": 0.009123353717906757,
      "Median-Max-rTRE__tissue_lung-lesion__All": 0.024399741591952642,
      "Median-Max-rTRE__tissue_mice-kidney__All": 0.01393803751127803,
      "Median-Robustness__tissue_COAD__training": 1.0,
      "Average-Average-rTRE__tissue_gastric__All": 0.12109740483934416,
      "Average-Max-rTRE__tissue_COAD__evaluation": 0.044344617140424064,
      "Average-Max-rTRE__tissue_breast__training": 0.447021485227545,
      "Average-Max-rTRE__tissue_kidney__training": 0.012922002539378646,
      "Average-Max-rTRE__tissue_lung-lesion__All": 0.02781250810835925,
      "Average-Max-rTRE__tissue_mice-kidney__All": 0.04118218200846605,
      "Average-Robustness__tissue_COAD__training": 0.9661789494767044,
      "Median-Max-rTRE__tissue_gastric__training": 0.01007883718098676,
      "Median-Median-rTRE__tissue_COAD__training": 0.003955784061601041,
      "Median-Robustness__tissue_lung-lobes__All": 0.9804501239748236,
      "Average-Max-rTRE__tissue_gastric__training": 0.04248729047022142,
      "Average-Median-rTRE__tissue_COAD__training": 0.005813887614279849,
      "Average-Robustness__tissue_lung-lobes__All": 0.9427973333090456,
      "Median-Average-rTRE__tissue_COAD__training": 0.005268181387095808,
      "Median-Max-rTRE__tissue_breast__evaluation": 0.0484302877000153,
      "Median-Max-rTRE__tissue_kidney__evaluation": 0.01932575036412284,
      "Median-Max-rTRE__tissue_mammary-gland__All": 0.02604860604433228,
      "Median-Median-rTRE__tissue_lung-lobes__All": 0.004386436854528067,
      "Median-Robustness__tissue_COAD__evaluation": 0.9921259842519685,
      "Median-Robustness__tissue_breast__training": 0.9487179487179487,
      "Median-Robustness__tissue_kidney__training": 1.0,
      "Median-Robustness__tissue_lung-lesion__All": 1.0,
      "Median-Robustness__tissue_mice-kidney__All": 1.0,
      "Average-Average-rTRE__tissue_COAD__training": 0.007327973668266394,
      "Average-Max-rTRE__tissue_breast__evaluation": 0.1858516869853513,
      "Average-Max-rTRE__tissue_kidney__evaluation": 0.032556016567089945,
      "Average-Max-rTRE__tissue_mammary-gland__All": 0.027959754894586523,
      "Average-Median-rTRE__tissue_lung-lobes__All": 0.005550413046499778,