{
  "cases": "not exported",
  "computer": {
    "file": "2aec430b6d493d3e2a276480979798b69a3ebc1cd63919ea21cf75ea47b1e486",
    "created": "2023-09-12 17:27:38.720034",
    "computer": {
      "name": "pop-os",
      "system": "Linux",
      "machine": "x86_64",
      "release": "6.4.6-76060406-generic",
      "version": "#202307241739~1692717645~22.04~5597803 SMP PREEMPT_DYNAMIC Tue A",
      "processor": "x86_64",
      "total RAM": 31.171680450439453,
      "architecture": [
        "64bit",
        "ELF"
      ],
      "virtual CPUs": 24
    },
    "number runs": 3,
    "python-version": "3.8.17",
    "skimage-version": "0.21.0",
    "registration @1-thread": 66.31409239768982,
    "registration @n-thread": 150.5115893383821
  },
  "aggregates": {
    "STD-Max-rTRE": 0.11858467315135289,
    "STD-Norm-Time": 0.2355987665840641,
    "STD-Robustness": 0.12307769651777077,
    "Median-Max-rTRE": 0.024426206610847996,
    "STD-Median-rTRE": 0.07261150441796285,
    "Average-Max-rTRE": 0.05194005106597482,
    "Median-Norm-Time": 0.04282878446498136,
    "STD-Average-rTRE": 0.07208823355692354,
    "Average-Norm-Time": 0.05361514426365167,
    "Median-Robustness": 1.0,
    "Average-Robustness": 0.9578782513872288,
    "Median-Median-rTRE": 0.003398153703225874,
    "Average-Median-rTRE": 0.02155324920856072,
    "Median-Average-rTRE": 0.004895026330500232,
    "STD-Max-rTRE-Robust": 0.08661133713578323,
    "Average-Average-rTRE": 0.02294186395339738,
    "STD-Norm-Time-Robust": 0.23782930676645017,
    "Average-Rank-Max-rTRE": null,
    "Average-used-landmarks": 1.0,
    "Median-Max-rTRE-Robust": 0.023722079570604317,
    "STD-Median-rTRE-Robust": 0.04950249396185639,
    "Average-Max-rTRE-Robust": 0.043022992822559065,
    "Median-Norm-Time-Robust": 0.04283020669506621,
    "STD-Average-rTRE-Robust": 0.05015406029771873,
    "Average-Norm-Time-Robust": 0.05382616655442082,
    "Average-Rank-Median-rTRE": null,
    "Median-Max-rTRE_training": 0.02295664172977357,
    "Average-Max-rTRE_training": 0.03817976298524734,
    "Median-Median-rTRE-Robust": 0.003327304041192988,
    "Average-Median-rTRE-Robust": 0.0157874971352117,
    "Median-Average-rTRE-Robust": 0.004813255842235029,
    "Median-Max-rTRE_evaluation": 0.028508652830257875,
    "Median-Robustness_training": 1.0,
    "Average-Average-rTRE-Robust": 0.01728183933530585,
    "Average-Max-rTRE_evaluation": 0.06454907998456971,
    "Average-Robustness_training": 0.9675218065470141,
    "Median-Median-rTRE_training": 0.003311459649209211,
    "Average-Median-rTRE_training": 0.012970834667421048,
    "Median-Average-rTRE_training": 0.004770264524471575,
    "Median-Robustness_evaluation": 1.0,
    "Average-Average-rTRE_training": 0.01426970033670256,
    "Average-Robustness_evaluation": 0.9490415275356329,
    "Median-Median-rTRE_evaluation": 0.0035339797706824103,
    "Average-Median-rTRE_evaluation": 0.029417613130720572,
    "Median-Average-rTRE_evaluation": 0.005001102504136561,
    "Average-Average-rTRE_evaluation": 0.030888468064312953,
    "Median-Max-rTRE__tissue_COAD__All": 0.026534220549508578,
    "Average-Max-rTRE__tissue_COAD__All": 0.037290732969010885,
    "Median-Max-rTRE__tissue_breast__All": 0.04818533708710521,
    "Median-Max-rTRE__tissue_kidney__All": 0.01797438321171127,
    "Median-Robustness__tissue_COAD__All": 1.0,
    "Average-Max-rTRE__tissue_breast__All": 0.22505885323681965,
    "Average-Max-rTRE__tissue_kidney__All": 0.0271566332003793,
    "Average-Robustness__tissue_COAD__All": 0.9753940559020314,
    "Median-Max-rTRE__tissue_gastric__All": 0.03538650946796588,
    "Median-Median-rTRE__tissue_COAD__All": 0.003398153703225874,
    "Average-Max-rTRE__tissue_gastric__All": 0.10839634593448412,
    "Average-Median-rTRE__tissue_COAD__All": 0.009173875231941133,
    "Median-Average-rTRE__tissue_COAD__All": 0.004903822969930445,
    "Median-Robustness__tissue_breast__All": 1.0,
    "Median-Robustness__tissue_kidney__All": 0.9838709677419355,
    "Average-Average-rTRE__tissue_COAD__All": 0.011106546625180751,
    "Average-Robustness__tissue_breast__All": 0.8364532025553946,
    "Average-Robustness__tissue_kidney__All": 0.8910279988828376,
    "Median-Max-rTRE__tissue_COAD__training": 0.023608398091898714,
    "Median-Median-rTRE__tissue_breast__All": 0.03603117088931026,
    "Median-Median-rTRE__tissue_kidney__All": 0.0031738835275109192,
    "Median-Robustness__tissue_gastric__All": 1.0,
    "Average-Max-rTRE__tissue_COAD__training": 0.030961713103898482,
    "Average-Median-rTRE__tissue_breast__All": 0.13980856968236338,
    "Average-Median-rTRE__tissue_kidney__All": 0.01036527776799142,
    "Average-Robustness__tissue_gastric__All": 0.9530063984287048,
    "Median-Average-rTRE__tissue_breast__All": 0.03611811723098833,
    "Median-Average-rTRE__tissue_kidney__All": 0.004276112995373396,
    "Median-Max-rTRE__tissue_lung-lobes__All": 0.021170384641471557,
    "Median-Median-rTRE__tissue_gastric__All": 0.011586668389072553,
    "Average-Average-rTRE__tissue_breast__All": 0.1363500601647781,
    "Average-Average-rTRE__tissue_kidney__All": 0.011645365120038397,
    "Average-Max-rTRE__tissue_lung-lobes__All": 0.02415756768413464,
    "Average-Median-rTRE__tissue_gastric__All": 0.06466287543520688,
    "Median-Average-rTRE__tissue_gastric__All": 0.012169713333969965,
    "Median-Max-rTRE__tissue_COAD__evaluation": 0.028569249304265076,
    "Median-Max-rTRE__tissue_breast__training": 0.46877183032862785,
    "Median-Max-rTRE__tissue_kidney__training": 0.009633464490731188,
    "Median-Max-rTRE__tissue_lung-lesion__All": 0.023939546071284436,
    "Median-Max-rTRE__tissue_mice-kidney__All": 0.011799787586035343,
    "Median-Robustness__tissue_COAD__training": 1.0,
    "Average-Average-rTRE__tissue_gastric__All": 0.06636948642855246,
    "Average-Max-rTRE__tissue_COAD__evaluation": 0.040765488973386305,
    "Average-Max-rTRE__tissue_breast__training": 0.43733140687723476,
    "Average-Max-rTRE__tissue_kidney__training": 0.014799596858093239,
    "Average-Max-rTRE__tissue_lung-lesion__All": 0.02617156307772319,
    "Average-Max-rTRE__tissue_mice-kidney__All": 0.04065814042287145,
    "Average-Robustness__tissue_COAD__training": 0.9826024980394394,
    "Median-Max-rTRE__tissue_gastric__training": 0.00718634811349021,
    "Median-Median-rTRE__tissue_COAD__training": 0.0032033810315070313,
    "Median-Robustness__tissue_lung-lobes__All": 0.9887640449438202,
    "Average-Max-rTRE__tissue_gastric__training": 0.03840987439635534,
    "Average-Median-rTRE__tissue_COAD__training": 0.004245730905385511,
    "Average-Robustness__tissue_lung-lobes__All": 0.9557492648035797,
    "Median-Average-rTRE__tissue_COAD__training": 0.004455423133123736,
    "Median-Max-rTRE__tissue_breast__evaluation": 0.04607698621701774,
    "Median-Max-rTRE__tissue_kidney__evaluation": 0.018490797947351964,
    "Median-Max-rTRE__tissue_mammary-gland__All": 0.02333692291897547,
    "Median-Median-rTRE__tissue_lung-lobes__All": 0.002788686878648118,
    "Median-Robustness__tissue_COAD__evaluation": 1.0,
    "Median-Robustness__tissue_breast__training": 0.9487179487179487,
    "Median-Robustness__tissue_kidney__training": 0.9393939393939394,
    "Median-Robustness__tissue_lung-lesion__All": 1.0,
    "Median-Robustness__tissue_mice-kidney__All": 1.0,
    "Average-Average-rTRE__tissue_COAD__training": 0.006021110577599812,
    "Average-Max-rTRE__tissue_breast__evaluation": 0.17199071482671588,
    "Average-Max-rTRE__tissue_kidney__evaluation": 0.030245892285950808,
    "Average-Max-rTRE__tissue_mammary-gland__All": 0.026360503157074677,
    "Average-Median-rTRE__tissue_lung-lobes__All": 0.004559713876294428,
    "Average-Robustness__tissue_COAD__evaluation": 0.9714364798265916,
    "Average-Robustness__tissue_breast__training": 0.7261359948068808,
    "Average-Robustness__tissue_kidney__training": 0.9528787878787879,
    "Average-Robustness__tissue_lung-lesion__All": 0.977735042735043,