{
    "cases": "not exported",
    "computer": {
      "file": "2aec430b6d493d3e2a276480979798b69a3ebc1cd63919ea21cf75ea47b1e486",
      "created": "2023-09-12 17:27:38.720034",
      "computer": {
        "name": "pop-os",
        "system": "Linux",
        "machine": "x86_64",
        "release": "6.4.6-76060406-generic",
        "version": "#202307241739~1692717645~22.04~5597803 SMP PREEMPT_DYNAMIC Tue A",
        "processor": "x86_64",
        "total RAM": 31.171680450439453,
        "architecture": [
          "64bit",
          "ELF"
        ],
        "virtual CPUs": 24
      },
      "number runs": 3,
      "python-version": "3.8.17",
      "skimage-version": "0.21.0",
      "registration @1-thread": 66.31409239768982,
      "registration @n-thread": 150.5115893383821
    },
    "aggregates": {
      "STD-Max-rTRE": 0.8477307504175596,
      "STD-Norm-Time": 0.07783115705955855,
      "STD-Robustness": 0.16194154133908156,
      "Median-Max-rTRE": 0.028619461441067272,
      "STD-Median-rTRE": 0.23930665812716,
      "Average-Max-rTRE": 0.1072493469347269,
      "Median-Norm-Time": 0.16188898461785217,
      "STD-Average-rTRE": 0.3515806711005699,
      "Average-Norm-Time": 0.17523101280130882,
      "Median-Robustness": 0.9928057553956835,
      "Average-Robustness": 0.9303041120962019,
      "Median-Median-rTRE": 0.006048210397064455,
      "Average-Median-rTRE": 0.03936864665727061,
      "Median-Average-rTRE": 0.00746101566595577,
      "STD-Max-rTRE-Robust": 0.09837049126699621,
      "Average-Average-rTRE": 0.04683579670634539,
      "STD-Norm-Time-Robust": 0.07276231033546124,
      "Average-Rank-Max-rTRE": null,
      "Average-used-landmarks": 1.0,
      "Median-Max-rTRE-Robust": 0.027459421370293287,
      "STD-Median-rTRE-Robust": 0.05539223247484526,
      "Average-Max-rTRE-Robust": 0.05098310296705501,
      "Median-Norm-Time-Robust": 0.16043321061897198,
      "STD-Average-rTRE-Robust": 0.05485668543643221,
      "Average-Norm-Time-Robust": 0.17364648574602576,
      "Average-Rank-Median-rTRE": null,
      "Median-Max-rTRE_training": 0.02729062787822011,
      "Average-Max-rTRE_training": 0.14670194403802878,
      "Median-Median-rTRE-Robust": 0.005811059406999431,
      "Average-Median-rTRE-Robust": 0.0208790886993753,
      "Median-Average-rTRE-Robust": 0.007085508605560254,
      "Median-Max-rTRE_evaluation": 0.03003042998642734,
      "Median-Robustness_training": 0.9881320224719101,
      "Average-Average-rTRE-Robust": 0.022118075497112973,
      "Average-Max-rTRE_evaluation": 0.07109756472851404,
      "Average-Robustness_training": 0.9259935705911467,
      "Median-Median-rTRE_training": 0.005811059406999431,
      "Average-Median-rTRE_training": 0.04460254985354451,
      "Median-Average-rTRE_training": 0.007341775592706649,
      "Median-Robustness_evaluation": 1.0,
      "Average-Average-rTRE_training": 0.05891714940281227,
      "Average-Robustness_evaluation": 0.9342540106864916,
      "Median-Median-rTRE_evaluation": 0.006296594168612313,
      "Average-Median-rTRE_evaluation": 0.03457263974435031,
      "Median-Average-rTRE_evaluation": 0.007817358409193783,
      "Average-Average-rTRE_evaluation": 0.03576523447452313,
      "Median-Max-rTRE__tissue_COAD__All": 0.027998993402198677,
      "Average-Max-rTRE__tissue_COAD__All": 0.04189435139068049,
      "Median-Max-rTRE__tissue_breast__All": 0.051467341317950596,
      "Median-Max-rTRE__tissue_kidney__All": 0.018598215575526843,
      "Median-Robustness__tissue_COAD__All": 0.9928057553956835,
      "Average-Max-rTRE__tissue_breast__All": 0.23353628900705725,
      "Average-Max-rTRE__tissue_kidney__All": 0.027964217624878756,
      "Average-Robustness__tissue_COAD__All": 0.9588281549395485,
      "Median-Max-rTRE__tissue_gastric__All": 0.04320986400997467,
      "Median-Median-rTRE__tissue_COAD__All": 0.005809434761473565,
      "Average-Max-rTRE__tissue_gastric__All": 0.13926269039726202,
      "Average-Median-rTRE__tissue_COAD__All": 0.013854923209373161,
      "Median-Average-rTRE__tissue_COAD__All": 0.007093121376956908,
      "Median-Robustness__tissue_breast__All": 1.0,
      "Median-Robustness__tissue_kidney__All": 0.9821428571428571,
      "Average-Average-rTRE__tissue_COAD__All": 0.015396319103815531,
      "Average-Robustness__tissue_breast__All": 0.8415617975323735,
      "Average-Robustness__tissue_kidney__All": 0.8785221337801983,
      "Median-Max-rTRE__tissue_COAD__training": 0.025890095035148077,
      "Median-Median-rTRE__tissue_breast__All": 0.03598005427726479,
      "Median-Median-rTRE__tissue_kidney__All": 0.003969728627075563,
      "Median-Robustness__tissue_gastric__All": 1.0,
      "Average-Max-rTRE__tissue_COAD__training": 0.03405432697549368,
      "Average-Median-rTRE__tissue_breast__All": 0.14185502071725387,
      "Average-Median-rTRE__tissue_kidney__All": 0.01168802489183454,
      "Average-Robustness__tissue_gastric__All": 0.9331800583932366,
      "Median-Average-rTRE__tissue_breast__All": 0.03604473174166673,
      "Median-Average-rTRE__tissue_kidney__All": 0.004830223382381836,
      "Median-Max-rTRE__tissue_lung-lobes__All": 0.024922372816596122,
      "Median-Median-rTRE__tissue_gastric__All": 0.018222230162339207,
      "Average-Average-rTRE__tissue_breast__All": 0.14073928482192383,
      "Average-Average-rTRE__tissue_kidney__All": 0.013040973660442198,
      "Average-Max-rTRE__tissue_lung-lobes__All": 0.029026163651627253,
      "Average-Median-rTRE__tissue_gastric__All": 0.07480780920185864,
      "Median-Average-rTRE__tissue_gastric__All": 0.026274713757790964,
      "Median-Max-rTRE__tissue_COAD__evaluation": 0.030106479193264674,
      "Median-Max-rTRE__tissue_breast__training": 0.49058122482095146,
      "Median-Max-rTRE__tissue_kidney__training": 0.009222845610867388,
      "Median-Max-rTRE__tissue_lung-lesion__All": 0.03929783960153428,
      "Median-Max-rTRE__tissue_mice-kidney__All": 0.017233867290134673,
      "Median-Robustness__tissue_COAD__training": 1.0,
      "Average-Average-rTRE__tissue_gastric__All": 0.07612923855229894,
      "Average-Max-rTRE__tissue_COAD__evaluation": 0.046198678520586976,
      "Average-Max-rTRE__tissue_breast__training": 0.44638216138305814,
      "Average-Max-rTRE__tissue_kidney__training": 0.013150322731470761,
      "Average-Max-rTRE__tissue_lung-lesion__All": 0.03958600067901332,
      "Average-Max-rTRE__tissue_mice-kidney__All": 0.7330105703128379,
      "Average-Robustness__tissue_COAD__training": 0.9663001674229657,
      "Median-Max-rTRE__tissue_gastric__training": 0.02410358747211747,
      "Median-Median-rTRE__tissue_COAD__training": 0.004955429416215633,
      "Median-Robustness__tissue_lung-lobes__All": 0.9644544786306837,
      "Average-Max-rTRE__tissue_gastric__training": 0.1177533940709705,
      "Average-Median-rTRE__tissue_COAD__training": 0.007779122090079915,
      "Average-Robustness__tissue_lung-lobes__All": 0.9007603583804622,
      "Median-Average-rTRE__tissue_COAD__training": 0.006006791568275173,
      "Median-Max-rTRE__tissue_breast__evaluation": 0.04757787412251334,
      "Median-Max-rTRE__tissue_kidney__evaluation": 0.021274073752023347,
      "Median-Max-rTRE__tissue_mammary-gland__All": 0.028932662308769244,
      "Median-Median-rTRE__tissue_lung-lobes__All": 0.006473903250157119,
      "Median-Robustness__tissue_COAD__evaluation": 0.9879518072289156,
      "Median-Robustness__tissue_breast__training": 0.9487179487179487,
      "Median-Robustness__tissue_kidney__training": 1.0,
      "Median-Robustness__tissue_lung-lesion__All": 0.9831730769230769,
      "Median-Robustness__tissue_mice-kidney__All": 1.0,
      "Average-Average-rTRE__tissue_COAD__training": 0.009099842922858484,
      "Average-Max-rTRE__tissue_breast__evaluation": 0.180324820913057,
      "Average-Max-rTRE__tissue_kidney__evaluation": 0.03166769134823076,
      "Average-Max-rTRE__tissue_mammary-gland__All": 0.03162010401052468,